Lastname,Firstname,Age,Favorite_animal
Smith,John,20,Dog
Johnson,Lisa,22,Cat
Brown,David,21,Rabbit
Garcia,Maria,20,Fish
Jones,Emily,23,Horse
Wilson,James,19,Hamster
Davis,Michael,21,Bird
Rodriguez,Samantha,24,Dog
Miller,Kevin,20,Cat
Martinez,Andrea,22,Fish
Hernandez,Jose,23,Rabbit
Lopez,Ashley,19,Horse
Jackson,Kimberly,21,Bird
Perez,Carlos,24,Dog
Moore,Sarah,20,Cat
Taylor,Daniel,22,Fish
Anderson,Karen,23,Rabbit
Thomas,Brian,19,Horse
Jackson,Michelle,21,Bird
White,Amanda,24,Dog